sp	lat	lon	alt	sigma_h	sigma_v	fixInfo	epsg
ScanPos016	35.850107705620147	-75.564949990742093	-32.604387423954904	0.014099999330937862	0.011899999342858791	RTK fixed	6319
ScanPos017	35.850107734575971	-75.564950032315494	-32.614683226682246	0.014099999330937862	0.011899999342858791	RTK fixed	6319
ScanPos018	35.850381721202268	-75.565048160558817	-32.557451460510492	0.014099999330937862	0.011899999342858791	RTK fixed	6319
ScanPos019	35.850556136952299	-75.565087126218899	-32.640418288297951	0.014099999330937862	0.012000000104308128	RTK fixed	6319
ScanPos020	35.850749503197662	-75.565143852843363	-32.664738261140883	0.014099999330937862	0.012199999764561653	RTK fixed	6319
ScanPos021	35.850927255374806	-75.565224643881379	-32.642633458599448	0.014099999330937862	0.013700000010430813	RTK fixed	6319
ScanPos022	35.851127114741985	-75.565347027747805	-32.724181428551674	0.014099999330937862	0.01640000008046627	RTK fixed	6319
ScanPos023	35.851406097594761	-75.565498402843275	-32.761867387220263	0.014099999330937862	0.013499999418854713	RTK fixed	6319
ScanPos024	35.851745449087424	-75.565642524678069	-32.92915113735944	0.014099999330937862	0.015199999324977398	RTK fixed	6319
ScanPos025	35.85204328149436	-75.565772978790761	-32.701982416212559	0.014099999330937862	0.01269999984651804	RTK fixed	6319
ScanPos026	35.852277122355787	-75.565868974057324	-32.623055356554687	0.014099999330937862	0.012899999506771564	RTK fixed	6319
ScanPos027	35.852520758508035	-75.565987999740926	-32.663903849199414	0.014099999330937862	0.01529999915510416	RTK fixed	6319
ScanPos028	35.852868364942431	-75.566136219561841	-32.604982383549213	0.014099999330937862	0.012799999676644802	RTK fixed	6319
ScanPos029	35.853131000322449	-75.566252622695089	-32.78474316932261	0.014099999330937862	0.014399999752640724	RTK fixed	6319
ScanPos030	35.853470259616117	-75.566424168419047	-33.060526100918651	0.014099999330937862	0.018600000068545341	RTK fixed	6319
ScanPos031	35.853739388182362	-75.566537777669623	-32.810114093124866	0.014099999330937862	0.012899999506771564	RTK fixed	6319
ScanPos032	35.853993882759632	-75.566639740712787	-32.877655123360455	0.014099999330937862	0.012799999676644802	RTK fixed	6319
ScanPos033	35.85419911402667	-75.566731942982415	-32.893674020655453	0.014099999330937862	0.015899999067187309	RTK fixed	6319
ScanPos034	35.85440688613344	-75.56680941377607	-32.879523707553744	0.014099999330937862	0.01269999984651804	RTK fixed	6319
ScanPos035	35.854650472200468	-75.5668970397642	-32.88577407412231	0.014099999330937862	0.012600000016391277	RTK fixed	6319
ScanPos036	35.854918121273769	-75.566969680044863	-32.744484007358551	0.014099999330937862	0.012600000016391277	RTK fixed	6319
ScanPos037	35.855201266623197	-75.567132788193391	-32.826944188214839	0.014099999330937862	0.01249999925494194	RTK fixed	6319
ScanPos038	35.855487944938361	-75.567232593853035	-32.825475023128092	0.014099999330937862	0.0139999995008111	RTK fixed	6319
ScanPos039	35.855488006277007	-75.567232546584108	-32.813073131255805	0.014099999330937862	0.013899999670684338	RTK fixed	6319
ScanPos040	35.85567938487354	-75.567315149596638	-32.799475844949484	0.014099999330937862	0.013899999670684338	RTK fixed	6319
ScanPos041	35.855824724785016	-75.567388740666232	-32.694497235119343	0.014099999330937862	0.013799999840557575	RTK fixed	6319
ScanPos042	35.856014734945781	-75.567409875368639	-32.899981183931231	0.014099999330937862	0.016200000420212746	RTK fixed	6319
ScanPos043	35.856226144870305	-75.567504831856539	-32.666494466364384	0.014099999330937862	0.016899999231100082	RTK fixed	6319
ScanPos044	35.856436638059336	-75.567619651763039	-32.540183461271226	0.014099999330937862	0.014999999664723873	RTK fixed	6319
ScanPos045	35.856642228696749	-75.567674531858316	-32.576172129251063	0.014099999330937862	0.014800000004470348	RTK fixed	6319
ScanPos046	35.856832156305828	-75.567740408395906	-32.948208929039538	0.014099999330937862	0.014699999243021011	RTK fixed	6319
ScanPos047	35.857004431712525	-75.567843056269211	-32.52282109297812	0.014099999330937862	0.014599999412894249	RTK fixed	6319
ScanPos048	35.857141427708811	-75.567899818812194	-32.787947933189571	0.014099999330937862	0.014399999752640724	RTK fixed	6319
ScanPos049	35.857320598715731	-75.567991775942474	-32.625794038176537	0.014099999330937862	0.014399999752640724	RTK fixed	6319
ScanPos050	35.857474697239518	-75.568060852301173	-32.571993814781308	0.014099999330937862	0.014800000004470348	RTK fixed	6319
ScanPos051	35.857661920428967	-75.568087194756899	-32.811496203765273	0.014099999330937862	0.013899999670684338	RTK fixed	6319
ScanPos052	35.857856623820837	-75.568154739525866	-33.024079847149551	0.014099999330937862	0.013700000010430813	RTK fixed	6319
ScanPos053	35.858025984391446	-75.56824375175357	-32.783859623596072	0.014099999330937862	0.013399999588727951	RTK fixed	6319
ScanPos054	35.858176148421784	-75.568313396629947	-33.011061090044677	0.014099999330937862	0.013100000098347664	RTK fixed	6319
ScanPos055	35.858324798122752	-75.568379695220671	-32.940397922880948	0.014099999330937862	0.012999999336898327	RTK fixed	6319
ScanPos056	35.858500078162727	-75.568437709573899	-33.056204644031823	0.014099999330937862	0.013299999758601189	RTK fixed	6319
ScanPos057	35.858638669895271	-75.56850298613378	-33.024738614447415	0.014099999330937862	0.013199999928474426	RTK fixed	6319
ScanPos058	35.858770442590313	-75.568582501299574	-32.958262925967574	0.014099999330937862	0.012999999336898327	RTK fixed	6319
ScanPos059	35.858938787659348	-75.568693274872317	-32.696260236203671	0.014099999330937862	0.012799999676644802	RTK fixed	6319
ScanPos060	35.8591046494873	-75.568805502494882	-32.775994449853897	0.014099999330937862	0.01269999984651804	RTK fixed	6319
ScanPos061	35.859243734910031	-75.56886140602947	-32.798326797783375	0.014099999330937862	0.011099999770522118	RTK fixed	6319
ScanPos062	35.859393469731607	-75.56889756557004	-33.016550802625716	0.014099999330937862	0.010999999940395355	RTK fixed	6319
ScanPos063	35.859544783149218	-75.568954861904459	-32.980604488402605	0.014099999330937862	0.010900000110268593	RTK fixed	6319
ScanPos064	35.859727985318173	-75.569033003778898	-32.855079846456647	0.014099999330937862	0.010799999348819256	RTK fixed	6319
ScanPos065	35.859851065870174	-75.569092684907048	-32.823079464957118	0.014099999330937862	0.010699999518692493	RTK fixed	6319
ScanPos066	35.860021651905939	-75.569197994590738	-32.918001021258533	0.014099999330937862	0.011399999260902405	RTK fixed	6319
ScanPos067	35.860217518928998	-75.569292904843792	-32.896488682366908	0.014099999330937862	0.010499999858438969	RTK fixed	6319
ScanPos068	35.860368230446774	-75.569384919476249	-32.826802861876786	0.014099999330937862	0.010400000028312206	RTK fixed	6319
ScanPos069	35.860566190083965	-75.569454663855154	-32.862160097807646	0.014099999330937862	0.01249999925494194	RTK fixed	6319
ScanPos070	35.8607191664534	-75.569501195947126	-32.941002292558551	0.014099999330937862	0.012399999424815178	RTK fixed	6319
ScanPos071	35.860920241267308	-75.56958015811945	-33.080272616818547	0.014099999330937862	0.012299999594688416	RTK fixed	6319
ScanPos072	35.861086329493318	-75.569672947529952	-33.257154362276196	0.014099999330937862	0.012299999594688416	RTK fixed	6319
ScanPos073	35.86125126635546	-75.56975524656194	-33.299844918772578	0.014099999330937862	0.012199999764561653	RTK fixed	6319
ScanPos074	35.86139033578408	-75.569827042856019	-33.18980104662478	0.014099999330937862	0.012099999934434891	RTK fixed	6319
ScanPos075	35.861541696967535	-75.569923605939167	-32.977186388336122	0.014099999330937862	0.012099999934434891	RTK fixed	6319
ScanPos076	35.86169296215305	-75.569984093695211	-33.004218487069011	0.014099999330937862	0.011899999342858791	RTK fixed	6319
ScanPos077	35.86187695716027	-75.57006171473175	-33.060717229731381	0.014099999330937862	0.011799999512732029	RTK fixed	6319
ScanPos078	35.862066697573617	-75.570157860701769	-33.151446967385709	0.014099999330937862	0.011799999512732029	RTK fixed	6319
ScanPos079	35.862340239497392	-75.570291994371885	-33.277604324743152	0.014099999330937862	0.011699999682605267	RTK fixed	6319
ScanPos080	35.862579875714758	-75.57041658062154	-33.305090923793614	0.014099999330937862	0.011599999852478504	RTK fixed	6319
ScanPos081	35.862775610263533	-75.570522198054732	-33.271729227155447	0.014099999330937862	0.011599999852478504	RTK fixed	6319
ScanPos082	35.862951736234422	-75.570623973015245	-33.218971985392272	0.014099999330937862	0.011500000022351742	RTK fixed	6319
ScanPos083	35.863153073281538	-75.570720909534032	-33.332040647044778	0.014099999330937862	0.011399999260902405	RTK fixed	6319
ScanPos084	35.863368360355501	-75.570830211674618	-33.31317475065589	0.014099999330937862	0.011299999430775642	RTK fixed	6319
ScanPos085	35.863559707960299	-75.570949825362476	-33.231047886423767	0.014099999330937862	0.011299999430775642	RTK fixed	6319
ScanPos086	35.863729692251738	-75.571054565326449	-33.20323926396668	0.014099999330937862	0.010999999940395355	RTK fixed	6319
ScanPos087	35.863969338114764	-75.571188499385499	-33.207270191982388	0.014099999330937862	0.010999999940395355	RTK fixed	6319
ScanPos088	35.864216576599347	-75.571308801077649	-33.285642123781145	0.014099999330937862	0.010999999940395355	RTK fixed	6319
ScanPos089	35.864486044354457	-75.571443754886914	-33.219104696065187	0.014099999330937862	0.010900000110268593	RTK fixed	6319
ScanPos090	35.864745016635396	-75.571577713857266	-33.237988908775151	0.014099999330937862	0.011899999342858791	RTK fixed	6319
ScanPos091	35.865014835028006	-75.571704019839316	-33.339047857560217	0.014099999330937862	0.011899999342858791	RTK fixed	6319
ScanPos092	35.865254847188453	-75.571797868885341	-33.440267140045762	0.014099999330937862	0.011899999342858791	RTK fixed	6319
ScanPos093	35.865512643510563	-75.571906054014676	-33.495873710140586	0.014099999330937862	0.011899999342858791	RTK fixed	6319
ScanPos094	35.865767228382147	-75.572022411511597	-33.623809608630836	0.014099999330937862	0.012199999764561653	RTK fixed	6319
ScanPos095	35.865948608368228	-75.572103478883804	-33.57795920688659	0.014099999330937862	0.011899999342858791	RTK fixed	6319
ScanPos096	35.866125000427814	-75.572197746910831	-33.531920585781336	0.014099999330937862	0.011899999342858791	RTK fixed	6319
ScanPos097	35.866328994902972	-75.572305746138468	-33.539761269465089	0.014099999330937862	0.011899999342858791	RTK fixed	6319
ScanPos098	35.866542849448173	-75.572419392347769	-33.440815950743854	0.014099999330937862	0.011799999512732029	RTK fixed	6319
ScanPos099	35.866809248765122	-75.572549893243306	-33.433623257093132	0.014099999330937862	0.011799999512732029	RTK fixed	6319
ScanPos100	35.867080259256618	-75.572688024289661	-33.446143397130072	0.014099999330937862	0.011799999512732029	RTK fixed	6319
ScanPos101	35.86731958300706	-75.572805529206505	-33.334174368530512	0.014099999330937862	0.011799999512732029	RTK fixed	6319
ScanPos102	35.867547004097929	-75.572917889255621	-33.351911477744579	0.014099999330937862	0.011699999682605267	RTK fixed	6319
ScanPos103	35.867797426438194	-75.573036802194196	-33.355968377552927	0.014099999330937862	0.011699999682605267	RTK fixed	6319
ScanPos104	35.868038035563025	-75.573158733046029	-33.362074051052332	0.014099999330937862	0.011699999682605267	RTK fixed	6319
ScanPos105	35.868284832771188	-75.573290788497303	-33.330439515411854	0.014099999330937862	0.011599999852478504	RTK fixed	6319
ScanPos106	35.868503678721545	-75.57340847805483	-33.265080378390849	0.014099999330937862	0.011599999852478504	RTK fixed	6319
ScanPos107	35.86874381452995	-75.573534342404656	-33.271307609044015	0.014099999330937862	0.011599999852478504	RTK fixed	6319
ScanPos108	35.869012134021006	-75.573680787469257	-33.299426371231675	0.014099999330937862	0.011500000022351742	RTK fixed	6319
ScanPos109	35.869247498375422	-75.573801229616834	-33.36180386133492	0.014099999330937862	0.011299999430775642	RTK fixed	6319
ScanPos110	35.869478842577287	-75.573914272348716	-33.375148762948811	0.014099999330937862	0.013499999418854713	RTK fixed	6319
ScanPos111	35.869673323819576	-75.573988633785717	-33.500407684594393	0.014099999330937862	0.014800000004470348	RTK fixed	6319
ScanPos112	35.869846032525707	-75.574057312059509	-33.711647211574018	0.014099999330937862	0.014399999752640724	RTK fixed	6319
ScanPos113	35.870032424025212	-75.574176594944376	-33.666427000425756	0.014099999330937862	0.014399999752640724	RTK fixed	6319
ScanPos114	35.870216718696994	-75.574313579886478	-33.462204795330763	0.014099999330937862	0.014399999752640724	RTK fixed	6319
ScanPos115	35.870460936794913	-75.574488550983318	-33.132806833833456	0.014099999330937862	0.014299999922513962	RTK fixed	6319
ScanPos116	35.870636316833448	-75.574607629382356	-32.99425554368645	0.014099999330937862	0.014299999922513962	RTK fixed	6319
ScanPos117	35.87083397167688	-75.57472519551456	-32.945303665474057	0.014099999330937862	0.012799999676644802	RTK fixed	6319
ScanPos118	35.871025170595907	-75.574829552528541	-33.000987940467894	0.014099999330937862	0.01269999984651804	RTK fixed	6319
ScanPos119	35.871204005728877	-75.574932076454616	-33.033976507373154	0.014099999330937862	0.013100000098347664	RTK fixed	6319
ScanPos120	35.87139371639379	-75.575034539739377	-33.129916965030134	0.014099999330937862	0.013100000098347664	RTK fixed	6319
ScanPos121	35.871592460928618	-75.575150789574764	-33.147736150771379	0.014099999330937862	0.013100000098347664	RTK fixed	6319
ScanPos122	35.871837652531553	-75.57527587719602	-33.272356403060257	0.014099999330937862	0.013100000098347664	RTK fixed	6319
ScanPos123	35.872064503746735	-75.575411057180887	-33.133201817981899	0.014099999330937862	0.012799999676644802	RTK fixed	6319
ScanPos124	35.872262636153138	-75.57551232351797	-33.203204653225839	0.014099999330937862	0.013599999248981476	RTK fixed	6319
ScanPos125	35.87251328081733	-75.575640733094644	-33.22568623162806	0.014099999330937862	0.014200000092387199	RTK fixed	6319
ScanPos126	35.87276282307338	-75.575773933422298	-33.22283998504281	0.014699999243021011	0.017699999734759331	RTK fixed	6319
ScanPos127	35.87296101207113	-75.575897439368163	-33.102044515311718	0.014099999330937862	0.013199999928474426	RTK fixed	6319
ScanPos128	35.873148418209482	-75.576001527794148	-33.180087087675929	0.014099999330937862	0.013100000098347664	RTK fixed	6319
ScanPos129	35.873386929934561	-75.576138269446162	-33.108085178770125	0.014099999330937862	0.013100000098347664	RTK fixed	6319
ScanPos130	35.873618180906838	-75.576277583783792	-33.174783244729042	0.014099999330937862	0.013100000098347664	RTK fixed	6319
ScanPos131	35.87387151006692	-75.576407895561459	-33.259964967146516	0.014099999330937862	0.013100000098347664	RTK fixed	6319
ScanPos132	35.874098411218419	-75.576551603396496	-33.391658613458276	0.014099999330937862	0.013100000098347664	RTK fixed	6319
ScanPos133	35.874285272285633	-75.576658101654232	-33.377794808708131	0.014099999330937862	0.013100000098347664	RTK fixed	6319
ScanPos134	35.874476398701319	-75.576753008052492	-33.148099317215383	0.014099999330937862	0.013100000098347664	RTK fixed	6319
ScanPos135	35.874640185217359	-75.576854338105193	-33.149944258853793	0.014099999330937862	0.012999999336898327	RTK fixed	6319
ScanPos136	35.874813609167241	-75.576928368394292	-33.394467107951641	0.014099999330937862	0.012999999336898327	RTK fixed	6319
ScanPos137	35.875039178294543	-75.577004221838948	-33.664419184438884	0.014099999330937862	0.017799999564886093	RTK fixed	6319
ScanPos138	35.875238650952099	-75.577108460719572	-33.614676223136485	0.014099999330937862	0.01640000008046627	RTK fixed	6319
ScanPos139	35.875401943408129	-75.577238931506486	-33.258032699115574	0.014099999330937862	0.015599999576807022	RTK fixed	6319
ScanPos140	35.875605096863971	-75.577366367938069	-33.286434871144593	0.014099999330937862	0.014299999922513962	RTK fixed	6319
ScanPos141	35.875789676621743	-75.577470063924068	-33.285909398458898	0.014099999330937862	0.014399999752640724	RTK fixed	6319
ScanPos142	35.875961617059929	-75.577561412564066	-33.287520092912018	0.014099999330937862	0.01249999925494194	RTK fixed	6319
ScanPos143	35.87615095098807	-75.577682963365575	-33.070533274672925	0.014099999330937862	0.012600000016391277	RTK fixed	6319
ScanPos144	35.876352422538631	-75.577792147099814	-33.083777397871017	0.014099999330937862	0.015199999324977398	RTK fixed	6319
ScanPos145	35.876556172679521	-75.577889656415778	-33.122383893467486	0.014099999330937862	0.014899999834597111	RTK fixed	6319
ScanPos146	35.876552569507339	-75.577887853553776	-33.136740511283278	0.014099999330937862	0.013299999758601189	RTK fixed	6319
ScanPos147	35.876779440290953	-75.578010863590094	-33.210574953816831	0.014099999330937862	0.013299999758601189	RTK fixed	6319
ScanPos148	35.876980091608921	-75.578111364792932	-33.218867234885693	0.014099999330937862	0.013399999588727951	RTK fixed	6319
ScanPos149	35.8771835945766	-75.578214445473577	-33.330555351451039	0.014099999330937862	0.013499999418854713	RTK fixed	6319
ScanPos150	35.877383478672741	-75.578309248815529	-33.359722047112882	0.014099999330937862	0.013599999248981476	RTK fixed	6319
ScanPos151	35.877609168496953	-75.578411424588765	-33.402986281551421	0.014099999330937862	0.013700000010430813	RTK fixed	6319
ScanPos152	35.877832420094236	-75.578525286939978	-33.36016846075654	0.014099999330937862	0.013799999840557575	RTK fixed	6319
ScanPos153	35.878005518522258	-75.57862600731066	-33.397196465171874	0.014099999330937862	0.013799999840557575	RTK fixed	6319
ScanPos154	35.878215708618114	-75.5787616804609	-33.159828043542802	0.014099999330937862	0.011500000022351742	RTK fixed	6319
ScanPos155	35.878388489274045	-75.578863572867121	-33.217931387014687	0.014099999330937862	0.012799999676644802	RTK fixed	6319
ScanPos156	35.878619377860993	-75.578984502787321	-33.043364716693759	0.014099999330937862	0.012600000016391277	RTK fixed	6319
ScanPos157	35.878839400447411	-75.579106553446863	-32.964996510185301	0.014099999330937862	0.011599999852478504	RTK fixed	6319
ScanPos158	35.879060036126198	-75.579200398698347	-33.064429405145347	0.014099999330937862	0.013799999840557575	RTK fixed	6319
ScanPos159	35.879293486861336	-75.579316376784334	-33.175246014259756	0.014099999330937862	0.013899999670684338	RTK fixed	6319
ScanPos160	35.879486507204156	-75.579421090440817	-33.147628895938396	0.014099999330937862	0.015199999324977398	RTK fixed	6319
ScanPos161	35.879689874803518	-75.579526647877259	-33.082625398412347	0.014099999330937862	0.01640000008046627	RTK fixed	6319
ScanPos162	35.879884569848265	-75.57962421922484	-33.240576105192304	0.014099999330937862	0.014099999330937862	RTK fixed	6319
ScanPos163	35.880095016350133	-75.579739183213277	-33.165615079924464	0.014099999330937862	0.014099999330937862	RTK fixed	6319
ScanPos164	35.880289160001183	-75.579846687518739	-33.169290959835052	0.014099999330937862	0.014200000092387199	RTK fixed	6319
ScanPos165	35.880437313373847	-75.579924517472421	-33.048623717390001	0.014099999330937862	0.014200000092387199	RTK fixed	6319
ScanPos166	35.880646604359328	-75.580030101674737	-33.089410074986517	0.014099999330937862	0.014299999922513962	RTK fixed	6319
ScanPos167	35.880646711659942	-75.5800232840283	-33.106965994462371	0.3399999737739563	0.39200001955032349	RTK float	6319
ScanPos168	35.88077422177895	-75.580096751954798	-33.148443168960512	0.014099999330937862	0.011500000022351742	RTK fixed	6319
ScanPos169	35.880964297557092	-75.580194444864333	-33.12396212760359	0.014099999330937862	0.013199999928474426	RTK fixed	6319
ScanPos170	35.881174158485393	-75.58030620028795	-33.253932118415833	0.014099999330937862	0.012199999764561653	RTK fixed	6319
ScanPos171	35.881370729548316	-75.580410652275702	-33.245691321790218	0.014099999330937862	0.011699999682605267	RTK fixed	6319
ScanPos172	35.881553398690144	-75.580500207010161	-33.263809040188789	0.014099999330937862	0.011699999682605267	RTK fixed	6319
ScanPos173	35.881660717789089	-75.580548167579209	-33.274617589078844	0.014099999330937862	0.01269999984651804	RTK fixed	6319
ScanPos174	35.881859475392311	-75.580644418038858	-33.21160508133471	0.014099999330937862	0.013799999840557575	RTK fixed	6319
ScanPos175	35.882030709129559	-75.580731142815125	-33.215905388817191	0.014099999330937862	0.011899999342858791	RTK fixed	6319
ScanPos176	35.882213768116287	-75.580847604838027	-33.134116480126977	0.014099999330937862	0.012399999424815178	RTK fixed	6319
ScanPos177	35.882375146781811	-75.580943160063029	-33.110255831852555	0.014099999330937862	0.012799999676644802	RTK fixed	6319
ScanPos178	35.882525020302722	-75.58102399982242	-33.159614464268088	0.014099999330937862	0.013700000010430813	RTK fixed	6319
ScanPos179	35.882700070313668	-75.581103030178468	-33.188836136832833	0.014099999330937862	0.012799999676644802	RTK fixed	6319
ScanPos180	35.882886867599517	-75.581201766729137	-33.173969162628055	0.014099999330937862	0.012399999424815178	RTK fixed	6319
ScanPos181	35.8830654100449	-75.581302724655401	-33.074818387627602	0.014099999330937862	0.011699999682605267	RTK fixed	6319
ScanPos182	35.88324951877896	-75.581393001267401	-33.095695129595697	0.014099999330937862	0.012899999506771564	RTK fixed	6319
ScanPos183	35.88346249099412	-75.581498342395534	-33.014325108379126	0.014099999330937862	0.012199999764561653	RTK fixed	6319
ScanPos184	35.883650519024371	-75.581597455748991	-33.00748641230166	0.014099999330937862	0.011699999682605267	RTK fixed	6319
ScanPos185	35.88385820727536	-75.581706190534518	-32.942952578887343	0.014099999330937862	0.014099999330937862	RTK fixed	6319
ScanPos186	35.884031783002612	-75.581809434678703	-32.840823616832495	0.014099999330937862	0.017899999395012856	RTK fixed	6319
ScanPos187	35.884196023243213	-75.581899229758918	-32.759702350944281	0.014099999330937862	0.017099998891353607	RTK fixed	6319
ScanPos188	35.884403824674521	-75.582001301020981	-32.876726833172143	0.014099999330937862	0.018500000238418579	RTK fixed	6319
ScanPos189	35.884554073823118	-75.582076394817818	-32.962678662501276	0.014099999330937862	0.018199998885393143	RTK fixed	6319
ScanPos190	35.884677833637063	-75.582157786538815	-32.893467446789145	0.014099999330937862	0.011799999512732029	RTK fixed	6319
ScanPos191	35.884824109675165	-75.582217365739851	-33.010552958585322	0.014099999330937862	0.011799999512732029	RTK fixed	6319
ScanPos192	35.884985475355215	-75.58221505938296	-33.234333190135658	0.014099999330937862	0.011799999512732029	RTK fixed	6319
ScanPos193	35.885136820730779	-75.582171670800491	-33.752680051140487	0.014099999330937862	0.011799999512732029	RTK fixed	6319
ScanPos194	35.885274234607976	-75.582211074978659	-35.46228560898453	6.0369997024536133	6.9439992904663086	RTK float	6319
ScanPos195	35.885413322143428	-75.582512923836006	-33.167743206955492	0.014099999330937862	0.011699999682605267	RTK fixed	6319
ScanPos196	35.885509660918032	-75.582629076563421	-32.899012800306082	0.014099999330937862	0.013100000098347664	RTK fixed	6319
ScanPos197	35.885632916099937	-75.582699759739299	-32.953768702223897	0.014099999330937862	0.015199999324977398	RTK fixed	6319
ScanPos198	35.885849268107954	-75.582817930890926	-32.729434495791793	0.2199999988079071	0.24999998509883881	RTK float	6319
ScanPos199	35.88606434403868	-75.582902617988154	-32.722362994216383	0.17099998891353607	0.20600000023841858	RTK float	6319
ScanPos200	35.886277424668492	-75.582988995509595	-32.693311762064695	0.14800000190734863	0.18299998342990875	RTK float	6319
ScanPos201	35.886453182148706	-75.583074005825139	-33.027356483973563	0.014099999330937862	0.011500000022351742	RTK fixed	6319
ScanPos202	35.886641079085095	-75.583186573180555	-33.110195268876851	0.014099999330937862	0.011500000022351742	RTK fixed	6319
ScanPos203	35.886844901114792	-75.583321430522744	-33.105715969577432	0.014099999330937862	0.014399999752640724	RTK fixed	6319
ScanPos204	35.887021211056556	-75.583426934692369	-33.088951906189322	0.014099999330937862	0.011299999430775642	RTK fixed	6319
ScanPos205	35.887255039549409	-75.583562619300494	-33.201805271208286	0.014099999330937862	0.011299999430775642	RTK fixed	6319
ScanPos206	35.887469212893272	-75.58368334936948	-33.159422374330461	0.014099999330937862	0.011399999260902405	RTK fixed	6319
ScanPos207	35.88765368316443	-75.583774972340009	-33.126482889987528	0.014099999330937862	0.01269999984651804	RTK fixed	6319
ScanPos208	35.887815591842269	-75.583868774447609	-33.196963753551245	0.014099999330937862	0.012600000016391277	RTK fixed	6319
ScanPos209	35.888009504225138	-75.583985458655533	-33.122303455136716	0.014099999330937862	0.011399999260902405	RTK fixed	6319
ScanPos210	35.888181429765559	-75.584100957257789	-33.023558688350022	0.014099999330937862	0.012199999764561653	RTK fixed	6319
ScanPos211	35.888346945903201	-75.584205095895442	-32.904252463951707	0.014099999330937862	0.012399999424815178	RTK fixed	6319
ScanPos212	35.888541573643181	-75.584299353463749	-33.02851786930114	0.014099999330937862	0.011500000022351742	RTK fixed	6319
ScanPos213	35.888787026787213	-75.584430450793334	-32.997599279507995	0.014099999330937862	0.011500000022351742	RTK fixed	6319
ScanPos214	35.888967046112434	-75.584549411846865	-32.883688699454069	0.014099999330937862	0.011500000022351742	RTK fixed	6319
ScanPos215	35.889186057877183	-75.584655623801567	-32.907075957395136	0.014099999330937862	0.011899999342858791	RTK fixed	6319
ScanPos216	35.889328420822103	-75.584729753522566	-32.917083843611181	0.014099999330937862	0.012299999594688416	RTK fixed	6319
ScanPos217	35.889501366035226	-75.584831217092372	-32.922352334484458	0.014099999330937862	0.012299999594688416	RTK fixed	6319
ScanPos218	35.889644586266158	-75.584907401954965	-32.992197826504707	0.014099999330937862	0.012299999594688416	RTK fixed	6319
ScanPos219	35.889835783115096	-75.585019465629699	-33.004733316600323	0.014099999330937862	0.012299999594688416	RTK fixed	6319
ScanPos220	35.890013600696953	-75.58511681769015	-32.927712120115757	0.014099999330937862	0.016099998727440834	RTK fixed	6319
ScanPos221	35.890199997706119	-75.585211806066468	-33.085678730159998	0.014099999330937862	0.016200000420212746	RTK fixed	6319
ScanPos222	35.890389338016867	-75.585309677204179	-33.120319766923785	0.014099999330937862	0.016300000250339508	RTK fixed	6319
ScanPos223	35.890592870828542	-75.585422855554967	-33.013702015392482	0.014099999330937862	0.01640000008046627	RTK fixed	6319
ScanPos224	35.890758302869173	-75.585501687025939	-33.090046853758395	0.014099999330937862	0.01640000008046627	RTK fixed	6319
ScanPos225	35.890947628412931	-75.585600403062173	-33.117045056074858	0.014099999330937862	0.016499999910593033	RTK fixed	6319
ScanPos226	35.891128701711452	-75.585706089186957	-33.024746495299041	0.014099999330937862	0.016599999740719795	RTK fixed	6319
ScanPos227	35.891254609515023	-75.585772144693721	-33.003253007307649	0.014099999330937862	0.016599999740719795	RTK fixed	6319
ScanPos228	35.891429310213233	-75.585869298503724	-32.928696445189416	0.014099999330937862	0.016699999570846558	RTK fixed	6319
ScanPos229	35.891623459409907	-75.585974639633733	-32.909373634494841	0.014099999330937862	0.016699999570846558	RTK fixed	6319
ScanPos230	35.891848094023075	-75.586084539360812	-33.066932140849531	0.014099999330937862	0.012099999934434891	RTK fixed	6319
ScanPos231	35.8920775527872	-75.586213462047311	-33.088771994225681	0.014099999330937862	0.012099999934434891	RTK fixed	6319
ScanPos232	35.892248730972206	-75.586317200936648	-32.970448886044323	0.014099999330937862	0.013899999670684338	RTK fixed	6319
ScanPos233	35.892388553089653	-75.586404627130875	-32.929855446331203	0.014099999330937862	0.0139999995008111	RTK fixed	6319
ScanPos234	35.892549286303066	-75.586500463094552	-32.938986727036536	0.014099999330937862	0.0139999995008111	RTK fixed	6319
ScanPos235	35.892710658229653	-75.586591700452942	-32.957249391824007	0.014099999330937862	0.0139999995008111	RTK fixed	6319
ScanPos236	35.892887317987515	-75.586679105763452	-33.071367633529007	0.014099999330937862	0.0139999995008111	RTK fixed	6319
ScanPos237	35.893050565946069	-75.586773467355158	-33.035781951621175	0.014099999330937862	0.0139999995008111	RTK fixed	6319
ScanPos238	35.893220628454628	-75.586873242629835	-32.963895450346172	0.014099999330937862	0.0139999995008111	RTK fixed	6319
ScanPos239	35.893415991125067	-75.5869801851007	-33.029807305894792	0.014099999330937862	0.014099999330937862	RTK fixed	6319
ScanPos240	35.893608144844094	-75.587082602668275	-33.160629961639643	0.014099999330937862	0.014099999330937862	RTK fixed	6319
ScanPos241	35.893865414922161	-75.587210103273023	-32.835021434351802	0.014099999330937862	0.0139999995008111	RTK fixed	6319
ScanPos242	35.894125113919415	-75.587342952449717	-32.947410667315125	0.014099999330937862	0.0139999995008111	RTK fixed	6319
ScanPos243	35.894305967532127	-75.587444329234117	-33.011106002144516	0.014099999330937862	0.013599999248981476	RTK fixed	6319
ScanPos244	35.894478450313322	-75.587539252164547	-33.072321712039411	0.014099999330937862	0.013599999248981476	RTK fixed	6319
ScanPos245	35.894691645632214	-75.58764863684128	-33.086029176600277	0.014099999330937862	0.0139999995008111	RTK fixed	6319
ScanPos246	35.894862626212266	-75.587734397356002	-33.083700384944677	0.014099999330937862	0.0139999995008111	RTK fixed	6319
ScanPos248	35.89529903924489	-75.587959419520217	-33.254473027773201	0.014099999330937862	0.013700000010430813	RTK fixed	6319
ScanPos249	35.895483846912363	-75.588056499884857	-33.270542520098388	0.014099999330937862	0.013700000010430813	RTK fixed	6319
ScanPos251	35.895488952536276	-75.588081049868947	-32.489308338612318	0.39099997282028198	0.50699996948242188	RTK float	6319
ScanPos252	35.895571535881537	-75.58811416876236	-32.469264380633831	0.28700000047683716	0.37599998712539673	RTK float	6319
ScanPos253	35.895674493871603	-75.588158159763054	-32.579009485431015	0.22499999403953552	0.29899999499320984	RTK float	6319
ScanPos254	35.895792405171655	-75.588214769739665	-32.631141112186015	0.18899999558925629	0.25499999523162842	RTK float	6319
ScanPos255	35.895914803006043	-75.588300555571792	-32.547724662348628	0.19900000095367432	0.26899999380111694	RTK float	6319
ScanPos256	35.896019292220828	-75.588373647338216	-32.645088950172067	0.17199999094009399	0.23499998450279236	RTK float	6319
ScanPos257	35.896134373304939	-75.588462225073783	-32.579228767193854	0.16099998354911804	0.21499998867511749	RTK float	6319
ScanPos258	35.896262277131484	-75.588531868594771	-32.697847066447139	0.15199999511241913	0.19900000095367432	RTK float	6319
ScanPos259	35.896398073291657	-75.588595488826726	-32.763744364492595	0.14699998497962952	0.18899999558925629	RTK float	6319
ScanPos260	35.89660709573127	-75.588680267638523	-35.272004006430507	0.29760000109672546	0.33669999241828918	Single	6319
ScanPos261	35.896792748514137	-75.588790754977282	-34.776404062286019	1.0299999713897705	1.372999906539917	Single	6319
ScanPos262	35.896910331329714	-75.588866756059318	-31.681074315682054	1.6540000438690186	1.6089999675750732	RTK float	6319
ScanPos263	35.897040540664442	-75.588951920402778	-32.744437944144011	0.8410000205039978	0.78700000047683716	RTK float	6319
ScanPos264	35.897168901454386	-75.589034930561908	-33.450588666833937	0.51999998092651367	0.50299996137619019	RTK float	6319
ScanPos265	35.897292865322669	-75.589108664533185	-33.790724948979914	0.35600000619888306	0.35799998044967651	RTK float	6319
ScanPos266	35.897423510569844	-75.589158723932698	-33.871189477853477	0.25200000405311584	0.27300000190734863	RTK float	6319
ScanPos267	35.897546063590063	-75.58921523252377	-33.743397899903357	0.18899999558925629	0.22299998998641968	RTK float	6319
ScanPos268	35.897658220068678	-75.589280545429048	-33.600489140488207	0.15099999308586121	0.19199998676776886	RTK float	6319
ScanPos269	35.897786715364134	-75.589355324768746	-33.463469561189413	0.14099998772144318	0.17199999094009399	RTK float	6319
ScanPos270	35.897911073072031	-75.589434328863504	-33.291150274686515	0.14099998772144318	0.16099998354911804	RTK float	6319
ScanPos271	35.898018046892908	-75.58949513431989	-33.225450422614813	0.14099998772144318	0.15199999511241913	RTK float	6319
ScanPos272	35.898125713905209	-75.589559028191232	-32.962800891138613	0.014099999330937862	0.011399999260902405	RTK fixed	6319
ScanPos273	35.898229798536619	-75.589614810760082	-32.972631691023707	0.014099999330937862	0.012099999934434891	RTK fixed	6319
ScanPos274	35.898380935700949	-75.589703072315871	-32.967355760745704	0.014099999330937862	0.011799999512732029	RTK fixed	6319
ScanPos275	35.898532757094095	-75.589778115313905	-33.0916255004704	0.014099999330937862	0.013700000010430813	RTK fixed	6319
ScanPos276	35.898686780012142	-75.589849690935324	-33.229201693087816	0.014099999330937862	0.01809999905526638	RTK fixed	6319
ScanPos277	35.89889334487787	-75.590025681726118	-32.870745159685612	0.014099999330937862	0.014200000092387199	RTK fixed	6319
ScanPos278	35.899112825617706	-75.59015425218675	-32.914161760360003	0.014099999330937862	0.012000000104308128	RTK fixed	6319
ScanPos279	35.899382863204046	-75.590277880126465	-33.069307638332248	0.014099999330937862	0.012099999934434891	RTK fixed	6319
ScanPos280	35.899591110835459	-75.59037450383056	-33.131565937772393	0.014099999330937862	0.012999999336898327	RTK fixed	6319
ScanPos281	35.899784442379236	-75.590468741767694	-33.154398986138403	0.014099999330937862	0.01549999974668026	RTK fixed	6319
ScanPos282	35.899969064125564	-75.590572249880751	-33.138080690056086	0.014099999330937862	0.014699999243021011	RTK fixed	6319
ScanPos283	35.900180957801524	-75.590688304110301	-33.131304409354925	0.014099999330937862	0.01249999925494194	RTK fixed	6319
ScanPos284	35.900426710531171	-75.590826563777838	-33.093160030432045	0.014099999330937862	0.01249999925494194	RTK fixed	6319
ScanPos285	35.900633834214922	-75.590969094573893	-32.935591344721615	0.014099999330937862	0.0139999995008111	RTK fixed	6319
ScanPos286	35.900833540726687	-75.591067354449677	-33.009659539908171	0.014099999330937862	0.01719999872148037	RTK fixed	6319
ScanPos287	35.901106983965313	-75.591222246862145	-32.86916399281472	0.014099999330937862	0.015999998897314072	RTK fixed	6319
ScanPos288	35.901355779745359	-75.591333472681612	-33.057866289280355	0.014099999330937862	0.012799999676644802	RTK fixed	6319
ScanPos289	35.901586119722609	-75.591464767787883	-33.071897155605257	0.014099999330937862	0.012899999506771564	RTK fixed	6319
ScanPos290	35.901828956130778	-75.591610521941902	-33.009454288519919	0.014099999330937862	0.013399999588727951	RTK fixed	6319
ScanPos291	35.902038305083877	-75.591733922300534	-32.984343430958688	0.014099999330937862	0.012899999506771564	RTK fixed	6319
ScanPos292	35.902273629572022	-75.591868608998382	-32.897172085009515	0.014099999330937862	0.014699999243021011	RTK fixed	6319
ScanPos293	35.902456736624011	-75.591963922398563	-32.986517761833966	0.014099999330937862	0.014699999243021011	RTK fixed	6319
ScanPos294	35.902653534638041	-75.592048268430418	-33.184010406024754	0.014099999330937862	0.014800000004470348	RTK fixed	6319
ScanPos295	35.902879607056057	-75.592139774902037	-33.4542824504897	0.014099999330937862	0.014800000004470348	RTK fixed	6319
ScanPos296	35.903133164866581	-75.592274384079658	-33.367218594998121	0.014099999330937862	0.018299998715519905	RTK fixed	6319
ScanPos297	35.903368066327218	-75.592404620166391	-33.311277727596462	0.014099999330937862	0.018400000408291817	RTK fixed	6319
ScanPos298	35.903574832379192	-75.592511826004724	-33.317374151200056	0.014099999330937862	0.014899999834597111	RTK fixed	6319
ScanPos299	35.903779722225359	-75.592622565980648	-33.305304676294327	0.014099999330937862	0.018299998715519905	RTK fixed	6319
ScanPos300	35.903987084849483	-75.59272374334796	-33.387212570756674	0.015799999237060547	0.025100000202655792	RTK fixed	6319
ScanPos301	35.904172747604981	-75.592807287089173	-33.404646999202669	0.015599999576807022	0.024599999189376831	RTK fixed	6319
ScanPos302	35.904444009191792	-75.592933672805643	-33.311754418537021	0.014099999330937862	0.019999999552965164	RTK fixed	6319
ScanPos303	35.904638177154986	-75.593031243903198	-33.289722044952214	0.014099999330937862	0.015199999324977398	RTK fixed	6319
ScanPos304	35.904850736114113	-75.59314310508158	-33.151341166347265	0.014099999330937862	0.014800000004470348	RTK fixed	6319
ScanPos305	35.905070754565081	-75.593254583067193	-33.034774903208017	0.014099999330937862	0.016599999740719795	RTK fixed	6319
ScanPos306	35.905294062230411	-75.593363586812529	-33.119105308316648	0.014099999330937862	0.017400000244379044	RTK fixed	6319
ScanPos307	35.905479758068083	-75.59346069089392	-32.958996950648725	0.016300000250339508	0.024699999019503593	RTK fixed	6319
ScanPos308	35.905712929037172	-75.593574229083416	-32.784290049225092	0.014699999243021011	0.020899999886751175	RTK fixed	6319
ScanPos309	35.905901576190878	-75.593684143536905	-32.714395551010966	0.015999998897314072	0.024199999868869781	RTK fixed	6319
ScanPos365	35.905818660293406	-75.593591247440784	-33.422999824397266	0.15399999916553497	0.17999999225139618	RTK float	6319
ScanPos366	35.906116093967043	-75.593763539149307	-33.44099270645529	0.15399999916553497	0.17199999094009399	RTK float	6319
ScanPos367	35.906623487904106	-75.594069877891002	-33.854883524589241	0.17800000309944153	0.19900000095367432	RTK float	6319
ScanPos368	35.907020897766209	-75.594184363112205	-33.899817164056003	0.23799999058246613	0.24999998509883881	RTK float	6319
ScanPos369	35.907366277698728	-75.594411556298127	-33.312611177563667	0.34399998188018799	0.33299997448921204	RTK float	6319
ScanPos370	35.907689631563962	-75.594619130465006	-32.56537314876914	0.14099998772144318	0.16899999976158142	RTK float	6319
ScanPos371	35.907907604272225	-75.594758475485833	-32.397144074551761	0.14099998772144318	0.14399999380111694	RTK float	6319
ScanPos372	35.908137022241668	-75.594901297132225	-32.133503103628755	0.14099998772144318	0.14800000190734863	RTK float	6319
ScanPos373	35.908338051788732	-75.595005544243961	-32.663801680319011	0.14099998772144318	0.15099999308586121	RTK float	6319
ScanPos374	35.908570660474069	-75.595150492503549	-32.875750840641558	0.014099999330937862	0.013899999670684338	RTK fixed	6319
ScanPos375	35.90882478352912	-75.595303578165485	-32.813188475556672	0.014099999330937862	0.015099999494850636	RTK fixed	6319
ScanPos376	35.909166462002474	-75.595486471805941	-32.68268155772239	0.014999999664723873	0.017400000244379044	RTK fixed	6319
ScanPos377	35.909311548821272	-75.595619509385017	-32.128075490705669	0.20299999415874481	0.25599998235702515	RTK float	6319
ScanPos378	35.90946980153781	-75.595744779526825	-32.144983635284007	0.2199999988079071	0.23199999332427979	RTK float	6319
ScanPos400	35.910116994135308	-75.596007092927891	-31.410982080735266	0.66100001335144043	0.92599993944168091	RTK float	6319
ScanPos401	35.910259876563956	-75.596073598679936	-30.658326891250908	0.39599999785423279	0.56599998474121094	RTK float	6319
ScanPos402	35.910409071747651	-75.596141794524598	-30.801967146806419	0.2800000011920929	0.40599998831748962	RTK float	6319
ScanPos403	35.910556565204665	-75.596211605161272	-30.943175986409187	0.21199999749660492	0.31000000238418579	RTK float	6319
ScanPos404	35.910760026599291	-75.596320557485726	-31.340944124385715	0.17700000107288361	0.25999999046325684	RTK float	6319
ScanPos405	35.910881970524059	-75.596375513004176	-31.706317791715264	0.15699999034404755	0.23100000619888306	RTK float	6319
ScanPos406	35.910980924520892	-75.596470969227894	-32.077497079968452	0.14800000190734863	0.21699997782707214	RTK float	6319
ScanPos407	35.911126298051649	-75.596565146271743	-32.870480888523161	0.014099999330937862	0.012600000016391277	RTK fixed	6319
ScanPos408	35.911210185147148	-75.596641369563272	-32.841484911739826	0.014099999330937862	0.011899999342858791	RTK fixed	6319
ScanPos409	35.91140339207778	-75.596752910779955	-32.981889639981091	0.014099999330937862	0.011799999512732029	RTK fixed	6319
ScanPos410	35.911605511815068	-75.596895250757015	-32.914778717793524	0.014099999330937862	0.011699999682605267	RTK fixed	6319
ScanPos411	35.911813319852847	-75.597010127588675	-32.831803187727928	0.014099999330937862	0.012600000016391277	RTK fixed	6319
ScanPos412	35.912065466304348	-75.59713671878275	-32.867382391355932	0.014099999330937862	0.013199999928474426	RTK fixed	6319
ScanPos413	35.912314876701906	-75.597272868759561	-35.074784576892853	1.1941999197006226	1.7305999994277954	Single	6319
ScanPos414	35.912398582485004	-75.597320549256892	-32.561609516851604	0.65299993753433228	0.76499998569488525	RTK float	6319
ScanPos415	35.912497517635721	-75.597362021786353	-32.263777085579932	0.4519999623298645	0.51800000667572021	RTK float	6319
ScanPos416	35.912590705829061	-75.597405882530623	-32.548673323355615	0.335999995470047	0.38799998164176941	RTK float	6319
ScanPos417	35.912687055492924	-75.597453123260692	-32.884221312589943	0.014099999330937862	0.011099999770522118	RTK fixed	6319
ScanPos418	35.912901276623558	-75.597530227864496	-32.771991120651364	0.014099999330937862	0.01640000008046627	RTK fixed	6319
ScanPos419	35.913110998306763	-75.597643531288	-32.830804095603526	0.014099999330937862	0.016599999740719795	RTK fixed	6319
ScanPos420	35.913299518701287	-75.597761638943794	-32.819430476054549	0.014099999330937862	0.015099999494850636	RTK fixed	6319
ScanPos421	35.913508669525754	-75.597898272553593	-32.911247937940061	0.014099999330937862	0.0139999995008111	RTK fixed	6319
ScanPos422	35.913703131059037	-75.597952253788065	-33.206816376186907	0.014099999330937862	0.018500000238418579	RTK fixed	6319
ScanPos423	35.913970752966357	-75.598125613055771	-33.010189312510192	0.014099999330937862	0.010900000110268593	RTK fixed	6319
ScanPos424	35.91414834303351	-75.59825520397321	-32.652198703959584	0.014099999330937862	0.010599999688565731	RTK fixed	6319
ScanPos425	35.914343029580081	-75.598358393987979	-32.725588363595307	0.014099999330937862	0.011399999260902405	RTK fixed	6319
ScanPos426	35.914549827513696	-75.598454402318353	-32.90271017793566	0.014099999330937862	0.017599999904632568	RTK fixed	6319
ScanPos427	35.914778468259129	-75.598583551939257	-32.660600797273219	0.014099999330937862	0.017599999904632568	RTK fixed	6319
ScanPos428	35.914995585052587	-75.598689325621564	-32.705060880631208	0.014099999330937862	0.015999998897314072	RTK fixed	6319
ScanPos429	35.915267161531233	-75.59885398264781	-32.595777516253293	0.014099999330937862	0.012999999336898327	RTK fixed	6319
ScanPos430	35.915477034823347	-75.598984081568034	-32.664378196932375	0.014099999330937862	0.01809999905526638	RTK fixed	6319
ScanPos431	35.91569066286754	-75.599106086097223	-32.603579390794039	0.014099999330937862	0.015099999494850636	RTK fixed	6319
ScanPos432	35.915950634795344	-75.59925593047798	-32.685355770401657	0.014099999330937862	0.012399999424815178	RTK fixed	6319
ScanPos433	35.916100306540997	-75.599345104132922	-32.674398053437471	0.014099999330937862	0.010999999940395355	RTK fixed	6319
ScanPos434	35.916393726004152	-75.599514143327056	-32.764123709872365	0.014099999330937862	0.010699999518692493	RTK fixed	6319
ScanPos435	35.91667257247277	-75.59967399106246	-32.58315671235323	0.014099999330937862	0.0099999997764825821	RTK fixed	6319
ScanPos436	35.916918219369165	-75.599820662502395	-32.632398945279419	0.014099999330937862	0.011899999342858791	RTK fixed	6319
ScanPos437	35.91714463421954	-75.599928155942337	-32.604121893644333	0.014099999330937862	0.013399999588727951	RTK fixed	6319
ScanPos438	35.917389197276421	-75.600055391365544	-32.507872538641095	0.014099999330937862	0.010599999688565731	RTK fixed	6319
ScanPos439	35.917581148614929	-75.600149912843762	-32.603203926235437	0.014099999330937862	0.010599999688565731	RTK fixed	6319
ScanPos440	35.917834560108517	-75.600305336258941	-32.512522205710411	0.014099999330937862	0.013700000010430813	RTK fixed	6319
ScanPos441	35.918078171080253	-75.600487623448956	-32.492948923259974	0.014099999330937862	0.01679999940097332	RTK fixed	6319
ScanPos442	35.918361467755119	-75.600616304906112	-32.748419139534235	0.014299999922513962	0.02070000022649765	RTK fixed	6319
ScanPos443	35.918642620223672	-75.600729350699325	-32.972709841094911	0.014099999330937862	0.018600000068545341	RTK fixed	6319
ScanPos444	35.969737787369823	-75.629717686463039	-33.836588577367365	1.3269999027252197	1.3619999885559082	RTK float	6319
ScanPos445	35.969593435468894	-75.629641988055369	-33.303891765885055	0.8190000057220459	0.77599996328353882	RTK float	6319
ScanPos446	35.969413458960361	-75.629566735061502	-31.743636050261557	0.51499998569488525	0.4779999852180481	RTK float	6319
ScanPos447	35.969256343168027	-75.629490424423835	-31.548365512862802	0.38599997758865356	0.35999998450279236	RTK float	6319
ScanPos448	35.969064567175003	-75.629387621321001	-31.446307166479528	0.30799999833106995	0.28999999165534973	RTK float	6319
ScanPos449	35.968852231184755	-75.629268815893198	-31.305378017947078	0.25400000810623169	0.24399998784065247	RTK float	6319
ScanPos450	35.968685744762027	-75.629171186872426	-31.332353362813592	0.21799999475479126	0.21399998664855957	RTK float	6319
ScanPos451	35.968573951191878	-75.62911101254312	-31.371078609488904	0.18299998342990875	0.18500000238418579	RTK float	6319
ScanPos452	35.968419186015304	-75.629019201297922	-31.640228530392051	0.16099998354911804	0.1679999977350235	RTK float	6319
ScanPos453	35.968251222523598	-75.62891653649956	-31.700003962032497	0.14900000393390656	0.15599998831748962	RTK float	6319
ScanPos454	35.968080870392818	-75.628813838209652	-31.689695427194238	0.14099998772144318	0.14599999785423279	RTK float	6319
ScanPos455	35.967909704759059	-75.628701996552167	-31.840055361390114	0.14099998772144318	0.14800000190734863	RTK float	6319
